Position,Company,Location,URL
데이터 분석가 (경력/신입)의 전체 세부 정보,오버노드,성남 분당구,https://kr.indeed.com/rc/clk?jk=9a2300bee65d75e4&fccid=235f65bfc26a933c&vjs=3
딥러닝 연구개발자 (서울근무)의 전체 세부 정보,딥인스펙션,서울 송파구,https://kr.indeed.com/rc/clk?jk=a3aaffa6ff1225b2&fccid=c5de7e4571bb1a5a&vjs=3
Deep Learning Researcher (Intern)의 전체 세부 정보,Qualcomm,서울,https://kr.indeed.com/rc/clk?jk=701e887d6f3eb831&fccid=d40ebe11fc879426&vjs=3
Python Backend Engineer의 전체 세부 정보,마인드에이아이,서울 중구,https://kr.indeed.com/rc/clk?jk=0ef88fa151c45263&fccid=6e36b32060404d12&vjs=3
[디지털일자리매칭플랫폼] 웹개발자(C# / Python) / 기술지원 엔지니어 SE의 전체 세부 정보,엔피코어,서울,https://kr.indeed.com/rc/clk?jk=e6ff900e4b9e58da&fccid=009afa2764ae78d4&vjs=3
++렉스코드 백엔드 개발자 ++의 전체 세부 정보,렉스코드,서울 서초구,https://kr.indeed.com/rc/clk?jk=9121c5aa8075bfa3&fccid=005cc3e287692b67&vjs=3
Data Analyst의 전체 세부 정보,두잇,서울 관악구,https://kr.indeed.com/rc/clk?jk=792c24312b052c34&fccid=40d1e624121fa726&vjs=3
[다우키움그룹] 2023년 다우데이타 4분기의 전체 세부 정보,다우데이타,서울 마포구,https://kr.indeed.com/rc/clk?jk=0b5beb78fee9d978&fccid=1eb3e06c58e0f923&vjs=3
국내 대기업 - 고객 데이터분석 포지션의 전체 세부 정보,라피플코리아리미티드,서울,https://kr.indeed.com/rc/clk?jk=75c348600e4ba140&fccid=28f5722fca6f5b12&vjs=3
Software Engineer  Bioinformatics and Proteomics의 전체 세부 정보,바이온사이트,서울 성동구,https://kr.indeed.com/rc/clk?jk=b3c8936b1273f3b9&fccid=67bbf11931ae8a26&vjs=3
[헤드헌팅/] 백엔드 DB 개발자의 전체 세부 정보,리플라이랩,서울 중구,https://kr.indeed.com/rc/clk?jk=61cef10b61063680&fccid=ecfe8aacf2a0164c&vjs=3
Quantitative Researcher의 전체 세부 정보,WorldQuant,서울,https://kr.indeed.com/rc/clk?jk=5e63fa757013fa24&fccid=08487f979320ebae&vjs=3
백엔드 개발자(인턴십)의 전체 세부 정보,액스,서울 서초구,https://kr.indeed.com/rc/clk?jk=b7223c792bfcbcd4&fccid=5013eca338141e7d&vjs=3
Python  인공지능(AI) 외 신입/경력의 전체 세부 정보,사회정보연구원,서울 은평구,https://kr.indeed.com/rc/clk?jk=b7fad584859458e4&fccid=8da9b3751cf2e16c&vjs=3
[ICT] Data Engineer[매니저  책임매니저]의 전체 세부 정보,현대자동차그룹,대한민국,https://kr.indeed.com/rc/clk?jk=0f3fd90e97d09f19&fccid=980d6ecc399a3373&vjs=3
딥러닝 AI 개발 연구원의 전체 세부 정보,베이리스,성남 수정구,https://kr.indeed.com/rc/clk?jk=87309d3ff40ead61&fccid=ce871e9e4a9f430a&vjs=3
SW engineer intern의 전체 세부 정보,INTEL,서울,https://kr.indeed.com/rc/clk?jk=fae25ef1694390dc&fccid=936367796261bd6e&vjs=3
자율주행 Software 개발 (경력)의 전체 세부 정보,에이모,성남 분당구,https://kr.indeed.com/rc/clk?jk=42010cee0a58032d&fccid=51f6a8bff2b5b2b9&vjs=3
[INEEJI] (주)인이지 AI 엔지니어 개발자 (전문연구요원 포함)의 전체 세부 정보,인이지,서울 서초구,https://kr.indeed.com/rc/clk?jk=a704ec4c6d498a0e&fccid=8a0714879bbe4b76&vjs=3
ChatBot 개발 및 자연어 인공지능 무료교육의 전체 세부 정보,한국정보기술서비스산업협회,서울,https://kr.indeed.com/rc/clk?jk=acd1333ab1003de2&fccid=21e7cb4036a655e0&vjs=3
Data Engineer (Mid/Senior)의 전체 세부 정보,Calhoun International  LLC,경기도 평택,https://kr.indeed.com/rc/clk?jk=e7ba3bf45f0579e0&fccid=123c27d0e168151d&vjs=3
BackEnd 개발자 - Django의 전체 세부 정보,트레이디,서울 금천구,https://kr.indeed.com/rc/clk?jk=b2de8b0515e0342d&fccid=d36b44d619c311c4&vjs=3
파이썬(python) 백엔드 개발자의 전체 세부 정보,아토머스,서울 강남구,https://kr.indeed.com/rc/clk?jk=7e8499c0e2fe4afb&fccid=660bbb21789ab63d&vjs=3
머신러닝 개발자의 전체 세부 정보,트레이디,서울 금천구,https://kr.indeed.com/rc/clk?jk=ea9e2a003ba1a290&fccid=d36b44d619c311c4&vjs=3
[대기업] 데이터분석가 경력 (대리~과장급 2명)의 전체 세부 정보,에이치알니즈,서울,https://kr.indeed.com/rc/clk?jk=b2eb1fe78ff9ee5f&fccid=b8c1027d6dda0525&vjs=3
임베디드(Embedded) 경력의 전체 세부 정보,리나컨설팅,서울,https://kr.indeed.com/rc/clk?jk=58dc3caa651b871d&fccid=b2fad8f047d78eb5&vjs=3
데이터 엔지니어 (+분석가)의 전체 세부 정보,토이스미스,서울 강남구,https://kr.indeed.com/rc/clk?jk=5fa2eafc8e484d84&fccid=008985cb11d73d3d&vjs=3
AI 연구개발(Python 능숙자)의 전체 세부 정보,비아이매트릭스,서울 강남구,https://kr.indeed.com/rc/clk?jk=3c5ebb151d20d3a1&fccid=f3fcdbdd85f462a6&vjs=3
2023 채널A 연계형 인턴 (편성PD)의 전체 세부 정보,채널에이 ( Channel A Corporation),서울 종로구,https://kr.indeed.com/rc/clk?jk=da4f41c118468ee0&fccid=b16a1336ad53431f&vjs=3
[그리팅] 백엔드 엔지니어(BackOffice) (연계형 인턴)의 전체 세부 정보,두들린,서울 강남구,https://kr.indeed.com/rc/clk?jk=bdc2a1d822ad149c&fccid=6f5ff74d22f3849e&vjs=3
[송파구] 데이터 ETL/빅데이터 분석의 전체 세부 정보,시니어앤파트너즈,서울 송파구,https://kr.indeed.com/rc/clk?jk=4ab2522e98cbc774&fccid=59060ddcdf96b101&vjs=3
2023 IBM Consulting Associates 채용 - Application Developer의 전체 세부 정보,IBM,서울,https://kr.indeed.com/rc/clk?jk=95734fcc090b0a6a&fccid=de71a49b535e21cb&vjs=3
어플리케이션 개발의 전체 세부 정보,더마미러,서울 서초구,https://kr.indeed.com/rc/clk?jk=5f8ad35572b873db&fccid=f401a9b533c97602&vjs=3
Engineering Validation Technician의 전체 세부 정보,INTEL,서울,https://kr.indeed.com/rc/clk?jk=2d838ba4196f0953&fccid=936367796261bd6e&vjs=3
.NET  C# 외 신입/경력의 전체 세부 정보,이디코어,성남 분당구,https://kr.indeed.com/rc/clk?jk=d578bedc4970c75e&fccid=92ac6d54c65ceb5d&vjs=3
빅데이터분석 담당자 in 자원순환 모바일 앱 스타트업의 전체 세부 정보,그레이프 파트너즈,서울 성동구,https://kr.indeed.com/rc/clk?jk=5dd25746d945e947&fccid=e4111ad0459bc402&vjs=3
Python(Django) 개발자 (5년 이상)의 전체 세부 정보,아테나스랩,서울 마포구,https://kr.indeed.com/rc/clk?jk=daf44170e44e00c2&fccid=f7418ec5d47158aa&vjs=3
플랫폼 백엔드 개발자의 전체 세부 정보,비즈부스터,서울 중구,https://kr.indeed.com/rc/clk?jk=e59c90307a4923d9&fccid=edf523143ceb94fc&vjs=3
Senior Software Engineer (Backend)의 전체 세부 정보,Presto,서울,https://kr.indeed.com/rc/clk?jk=045267d4bab510c8&fccid=37b31c805f66f58e&vjs=3
[국내그룹사] Data Scientist의 전체 세부 정보,퍼솔켈리코리아 유한회사,서울,https://kr.indeed.com/rc/clk?jk=4be8824b93ff444e&fccid=2c5b80eeab63070c&vjs=3
[전액무료] LLM 활용 인공지능(NLP) 서비스 개발자 양성과정의 전체 세부 정보,솔트룩스,서울,https://kr.indeed.com/rc/clk?jk=0f7cbfb6a343fa5b&fccid=eb74805cb9fd733e&vjs=3
데이터 엔지니어 - 글로벌 전자 우량대기업의 전체 세부 정보,에스에프인촌,서울,https://kr.indeed.com/rc/clk?jk=59788e50b088a7fd&fccid=629bf66c8ed71fe3&vjs=3
비전인식  Python 외 경력의 전체 세부 정보,넥스트커리어,성남 수정구,https://kr.indeed.com/rc/clk?jk=9c9ff1f634b43831&fccid=2d777ccbd7a449c1&vjs=3
Lead Software Engineer (Backend)의 전체 세부 정보,Presto,서울,https://kr.indeed.com/rc/clk?jk=7bb01380671a5e11&fccid=37b31c805f66f58e&vjs=3
Python Backend Server Application 개발 경력직의 전체 세부 정보,알스퀘어부동산중개법인,서울 강남구,https://kr.indeed.com/rc/clk?jk=fc52ac172974bdd5&fccid=ceaba15614996767&vjs=3
데이터표준품질부문 경력 (정규직)의 전체 세부 정보,한국정보기술단,서울 강남구,https://kr.indeed.com/rc/clk?jk=d927945807f61201&fccid=99925e8e7b9604cc&vjs=3
[데브시스터즈] DevOps Engineer (신입)의 전체 세부 정보,데브시스터즈,서울 강남구,https://kr.indeed.com/rc/clk?jk=3058f7280a2e6644&fccid=58a9a803698a0afd&vjs=3
CRM 및 마케팅 데이터분석 담당자 - 국내 대기업 계열사의 전체 세부 정보,라피플코리아리미티드,서울,https://kr.indeed.com/rc/clk?jk=7fe0c284fbf4045f&fccid=28f5722fca6f5b12&vjs=3
Cloud Consultant  Big Data and Analytics  Google Cloud의 전체 세부 정보,구글코리아,서울 강남구,https://kr.indeed.com/rc/clk?jk=c08ab9fe73ce271c&fccid=28712efe9a7c8d8a&vjs=3
대기업계열 모빌리티 데이터 분석 모델 개발 (신입/경력)의 전체 세부 정보,경연파트너스,서울 용산구,https://kr.indeed.com/rc/clk?jk=fc4ce8e7031b4ab0&fccid=0f76eb1d9acd6c10&vjs=3
[코리아교육그룹]Python / JAVA / C언어/ C# / C++ 강사 중의 전체 세부 정보,에스씨에이아카데미혜화,서울,https://kr.indeed.com/rc/clk?jk=f4aa3759d608d254&fccid=4aba802670ed5334&vjs=3
비전인식  인공지능(AI) 외 경력의 전체 세부 정보,넥스트커리어,성남 수정구,https://kr.indeed.com/rc/clk?jk=684b2a4f58327e92&fccid=2d777ccbd7a449c1&vjs=3
[정규직/MDS테크] 비전  영상처리 프로그램 개발의 전체 세부 정보,엠디에스테크,성남 분당구,https://kr.indeed.com/rc/clk?jk=1f9066aed0b5b35b&fccid=319d0afffcd7f680&vjs=3
Software Researcher의 전체 세부 정보,디사일로,서울 서초구,https://kr.indeed.com/rc/clk?jk=ebedb4f31d73fcda&fccid=5426751914bc03f8&vjs=3
[데브시스터즈] Data Platform Software Engineer (Senior/Junior)의 전체 세부 정보,데브시스터즈,서울 강남구,https://kr.indeed.com/rc/clk?jk=d832eb50f24e4587&fccid=58a9a803698a0afd&vjs=3
SK플래닛 T아카데미 ASAC 4기 교육생 [빅데이터 분석/ 웹풀스택 개발]의 전체 세부 정보,SK플래닛 Tacademy,서울 마포구,https://kr.indeed.com/rc/clk?jk=d9f39c24a30388d2&fccid=c29e5daceb008fd3&vjs=3
[국비무료/미취업]2023년 이공계 여성 챗GPT 프롬프트와 AI리터러시 교육생의 전체 세부 정보,한국여성공학기술인협회,서울 강남구,https://kr.indeed.com/rc/clk?jk=3afa7f601f482242&fccid=22c29a6a960a71a4&vjs=3
Python & PyQt. 개발 프로그래머와 프론트엔드 외 신입/경력의 전체 세부 정보,아인사이트,서울 구로구,https://kr.indeed.com/rc/clk?jk=5840681c210152e9&fccid=7744f604a0427c87&vjs=3
Software Engineer - Back-End의 전체 세부 정보,서울로보틱스,서울 서초구,https://kr.indeed.com/rc/clk?jk=d98cca6e5652ccbe&fccid=e5516ef2ea4947f5&vjs=3
국내 대기업 계열사 - 마케팅 데이터분석 및 CRM 담당자의 전체 세부 정보,라피플코리아리미티드,서울,https://kr.indeed.com/rc/clk?jk=384938caaf89c494&fccid=28f5722fca6f5b12&vjs=3
프론트엔드/백엔드 개발자 상시의 전체 세부 정보,에스디에이에이,서울 성동구,https://kr.indeed.com/rc/clk?jk=5505541f4c619808&fccid=70843328026d7cd5&vjs=3
제품개발 담당자의 전체 세부 정보,코리아스펙트랄프로덕츠,서울 구로구,https://kr.indeed.com/rc/clk?jk=84e5dfc8d9c2faa2&fccid=5b75f6fe03a2a7fd&vjs=3
Researcher  Machine Learning의 전체 세부 정보,바이온사이트,서울 성동구,https://kr.indeed.com/rc/clk?jk=69426108ba44d757&fccid=67bbf11931ae8a26&vjs=3
DNN 모델 개발 엔지니어의 전체 세부 정보,딥엑스,성남 분당구,https://kr.indeed.com/rc/clk?jk=303d8c644a5f2e0f&fccid=e34932b8232a173b&vjs=3
개발자 - Python 서버 프로그램 개발의 전체 세부 정보,바인테크,서울 송파구,https://kr.indeed.com/rc/clk?jk=4cc15c26097421c5&fccid=aef44811e748bebe&vjs=3
퀀트운용센터 (사원-대리급)의 전체 세부 정보,신한자산운용,대한민국,https://kr.indeed.com/rc/clk?jk=95e110350e419962&fccid=d93d518e8dbb7037&vjs=3
ML/DL Data Scientist[경력]의 전체 세부 정보,현대자동차그룹,서울 여의도,https://kr.indeed.com/rc/clk?jk=80d4df92bd3b714e&fccid=980d6ecc399a3373&vjs=3
[글로벌인재채용] 컴퓨터비전 기술 선행 연구[경력(연구직)]의 전체 세부 정보,현대자동차그룹,대한민국,https://kr.indeed.com/rc/clk?jk=14311c1bdeddd4cc&fccid=980d6ecc399a3373&vjs=3
퍼즐데이터 역량있는 데이터 분석가의 전체 세부 정보,주식회사퍼즐데이터,서울 역삼동,https://kr.indeed.com/rc/clk?jk=116009dbf59211ed&fccid=bbae7241cc714540&vjs=3
SI  SM  R&D 경력 정규직의 전체 세부 정보,코어디아이티,서울,https://kr.indeed.com/rc/clk?jk=30278b054662084d&fccid=a35a71417e4b6700&vjs=3
풀스택 개발자의 전체 세부 정보,브랜드인게이지먼트네트워크인크,서울 중구,https://kr.indeed.com/rc/clk?jk=9f6d3f69a1c19095&fccid=f23a41cb201e2ca6&vjs=3
운영개선팀 - 파이썬 개발자 (1)의 전체 세부 정보,올라핀테크,서울 강남구,https://kr.indeed.com/rc/clk?jk=0dd9f21b6c61c861&fccid=8dd049df21006273&vjs=3
[네이버계열사][NIT Service] 네이버 파이낸셜 플랫폼 운영의 전체 세부 정보,엔아이티서비스,성남 분당구,https://kr.indeed.com/rc/clk?jk=fb0ab114b6123644&fccid=d389f1042b660837&vjs=3
JR0192526 SW engineer intern의 전체 세부 정보,인텔코리아,서울,https://kr.indeed.com/rc/clk?jk=83f4939522ffaa68&fccid=ded06d6a6799d929&vjs=3
Senior Open Source Developer & DevOps (Python  Django  React  AWS/OpenStack),OpenCraft,Anywhere in the World,https://weworkremotely.com/remote-jobs/opencraft-senior-open-source-developer-devops-python-django-react-aws-openstack
Python Developer,RemoteMore,Latin America Only/Europe Only/EMEA Only/Africa Only,https://weworkremotely.com/remote-jobs/remotemore-python-developer-7
Sr Software Engineer - Python,Salas O'Brien,USA Only,https://weworkremotely.com/remote-jobs/salas-o-brien-sr-software-engineer-python
Senior Python Developer,Tactiq Tech,Anywhere in the World,https://weworkremotely.com/remote-jobs/tactiq-tech-senior-python-developer
Senior/Staff Software Engineer - Backend/Python - USA (100% Remote),Close,USA Only,https://weworkremotely.com/remote-jobs/close-senior-staff-software-engineer-backend-python-usa-100-remote
Senior Python Engineer,Shake,Anywhere in the World,https://weworkremotely.com/remote-jobs/shake-senior-python-engineer-2
